numeroOrden,fechaOrden,nombreClientes,apellidoClientes,costo
48126,2023-10-22,Mauricio,Castro Soto,814844,Sudadera con capucha
116428,2023-07-05,Patricia,Valenzuela Ríos,191520,Buso
251400,2023-07-19,Felipe,Pérez González,568349,Pañuelo de seda
284011,2023-02-23,Patricia,Aguilar Delgado,542486,Camisa Polo
283401,2023-10-22,Yolanda,Valenzuela Ríos,702780,Sombrero de verano
14421,2023-01-12,Rogelio,Torres Morales,857371,Vestido
54590,2023-10-12,Mauricio,López Martínez,619429,Camiseta básica
298391,2023-03-07,Linda,Castro Soto,829351,Zapatos de tacón
294699,2023-05-18,Arturo,Jara Silva,295397,Chaqueta de cuero
58915,2023-08-13,Regina,Ramirez Torres,577669,Blusa de seda
213106,2023-02-03,Gerardo,Campos Mendoza,423665,Sudadera
126984,2023-07-03,Isabel,Vargas Molina,937968,Buso
186966,2023-04-09,Irene,Cordero Acosta,717761,Medias Tobilleras
92584,2023-03-04,Julia,Díaz Herrera,669989,Vestido de verano
33123,2023-01-092023-05-27,Miriam,Castro Soto,438582,Camisa Basica
289746,2023-03-01,Raul,Vargas Molina,386424,Vestido
3315,2023-09-27,Lorenzo,Reyes Rivera,521099,Pines (accesorios)
222645,2023-10-04,Gabriela,Reyes Rivera,332150,Gafas de sol
85651,2023-07-03,Eduardo,Espinosa Herrera,635706,Leggings deportivos
51979,2023-04-24,Elisa,Campos Mendoza,964694,Chaqueta Cuero Dama
143447,2023-07-28,Veronica,Díaz Herrera,557804,Vestido de verano
71023,2023-05-08,Elvira,Soto Romero,498062,Camisa Cuello V
293500,2023-04-25,Paula,Valenzuela Ríos,887672,Zapatos de lona
141471,2023-08-10,Juan,López Fernández,384061,Pines (accesorios)
21208,2022-11-29,Natalie,Araya Bravo,615963,Camisa Basica
106415,2023-05-08,Walter,Soto Romero,859736,Gorro de esquí
126724,2023-07-17,Mariano,Soto Romero,603668,Gafas de sol
32522,2023-05-29,Mauricio,Medina Ortega,466626,Chaqueta de invierno
155292,2023-01-07,Mariano,Pérez González,547906,Zapatos deportivos
54980,2023-07-05,Mauricio,Navarro Cordero,283308,Chaleco acolchado
176811,2023-09-10,Simón,Jiménez Ruiz,218104,Medias Tobilleras
222537,2023-07-05,Ernesto,Espinosa Herrera,635324,Sudadera con capucha
274134,2023-04-09,Marisol,Aguilar Delgado,167377,Gorros de baño
110155,2023-08-10,Hernán,Ramirez Torres,418746,Zapatos de vestir
131480,2023-03-07,Raul,Jiménez Ruiz,522151,Shorts de playa
163474,2023-04-21,Juan,Ramirez Torres,684550,Gorra
114730,2023-01-092023-05-27,Gerardo,Ruiz Espinosa,981282,Anillo de diamantes
203147,2022-10-28,Luciana,Reyes Rivera,566738,Chaleco acolchado
264701,2023-08-10,Eduardo,Paredes Jiménez,972060,Gorra
261711,2023-05-08,Eduardo,Ruiz Espinosa,587240,Sombrero de verano
128870,2022-12-31,Lourdes,Pérez González,625633,Camisa Cuello V
16853,2023-01-07,Lorenzo,Rodríguez Sánchez,647325,Reloj Caballero
242828,2023-10-22,Alex,Rodríguez Martínez,546521,Vestido de noche
257338,2023-01-07,Julián,Araya Bravo,874146,Camisa a rayas
260301,2023-01-30,Simón,Reyes Rivera,838910,Chaqueta Cuero Caballero
203932,2023-07-03,Alex,Torres Morales,186632,Termo
215508,2023-01-092023-05-27,Natalie,Torres Morales,246008,Sudadera
87286,2023-09-10,Joaquín,Araya Bravo,527497,Chaqueta Cuero Dama
206519,2023-04-20,Gerardo,Sánchez López,222412,Chaqueta Cuero Dama
174014,2023-03-04,Mónica,López Fernández,292980,Cinturón de cuero
224507,2022-11-02,Irene,Castro Soto,166044,Chaqueta vaquera
268986,2023-03-01,Selena,Torres Morales,345322,Vestido
74497,2023-07-03,Manuela,Delgado Valenzuela,817514,Buso
104948,2023-04-21,Rogelio,Reyes Rivera,457861,Medias Largas
232649,2023-03-01,Víctor,Ramirez Torres,158776,Vestido de noche
241719,2023-03-07,Miriam,Rodríguez Martínez,161156,Camiseta polo
273585,2022-12-26,Elvira,Sánchez López,690301,Leggings deportivos
180070,2023-08-10,Elisa,Paredes Romero,532297,Camisa Basica
234778,2023-03-07,Luisana,Delgado Valenzuela,239120,Termo
235160,2023-07-19,Alex,Herrera Navarro,862079,Pantalones cortos
27607,2023-04-17,Ariel,Jara Silva,815566,Pijama de algodón
149106,2022-12-26,Ana,Araya Bravo,584716,Chándal
107645,2022-12-31,kelly,Torres Morales,190868,Pañuelo de seda
164687,2023-04-09,Carla,Castro Soto,465683,Bikini
199483,2023-10-12,Isabel,González Fernández,834836,Chaleco acolchado
124244,2023-04-25,Julián,Paredes Romero,530124,Zapatos
98763,2023-01-30,Linda,Acosta Aguilar,163906,Gafas de sol
48598,2023-05-18,Andres,Vargas Molina,335695,Sudadera con capucha
268496,2023-07-03,Natalie,Torres Morales,269850,Zapatillas de casa
162401,2023-02-05,Natalie,Ramirez Torres,953935,Traje de baño
51952,2022-11-29,Lourdes,Araya Bravo,424430,Short
131117,2022-11-14,Simón,Reyes Rivera,413612,Reloj Dama
235955,2023-02-23,Alex,Pérez González,221954,Camisa a rayas
71106,2023-07-17,Miriam,Pérez González,998481,Mono corto
176552,2022-11-14,Irene,Aguilar Delgado,354654,Chaqueta de invierno
292917,2022-10-28,Elisa,Reyes Rivera,617971,Zapatos de vestir
173251,2023-03-07,Felipe,Soto Romero,591632,Vestido de noche
132019,2022-12-31,Mauricio,Campos Mendoza,667589,Chaqueta Cuero Caballero
43916,2023-07-05,Luciana,Aguilar Delgado,474347,Pañuelo de seda
12621,2023-04-07,Mariano,Jara Silva,883053,Pantaloneta
266891,2023-08-10,Juan,Delgado Valenzuela,552512,Reloj Caballero
72482,2022-12-31,Raul,Paredes Romero,438966,Reloj Caballero
76730,2023-03-04,Paula,Herrera Navarro,156022,Cinturón de cuero
41943,2023-07-17,Gabriela,López Fernández,526167,Camiseta de tirantes
164306,2023-05-18,Víctor,Araya Bravo,647309,Pantalones de yoga
10879,2023-01-12,Mauricio,Castro Soto,904829,Zapatos deportivos
40113,2023-08-10,Eduardo,Paredes Romero,989623,Vestido de verano
289035,2023-04-21,Manuela,Acosta Aguilar,799719,Correa
8863,2023-01-28,Pablo,Navarro Cordero,840739,Sombrero de verano
260050,2023-01-28,Isabel,Cordero Acosta,935636,Camiseta polo
286785,2023-10-04,Walter,Acosta Aguilar,837768,Reloj Dama
103903,2023-04-25,Manuela,Herrera Navarro,186165,Bufanda de lana
154661,2022-11-29,kelly,Ramirez Torres,520610,Pantalon
35965,2023-03-07,Raul,Delgado Valenzuela,290378,Gorros de baño
267251,2023-05-08,Víctor,Rojas Vargas,855825,Zapatos deportivos
5220,2022-12-26,Julia,Torres Morales,807379,Pantalones cargo
113807,2023-03-04,Regina,González Fernández,196570,Chaqueta de invierno
228281,2023-10-04,Víctor,Ramirez Torres,708401,Pantalones vaqueros
75972,2023-07-19,Linda,Reyes Rivera,707470,Buso
130650,2023-10-22,Gabriela,Díaz Herrera,278844,Bufanda de lana
148914,2023-01-12,Regina,Ruiz Espinosa,184483,Gafas de sol
294602,2023-02-06,Julián,Delgado Valenzuela,824336,Vestido de verano
25750,2023-05-08,Nicolás,Vargas Molina,356826,Vestido de noche
249594,2023-04-17,Isabel,Medina Ortega,739424,Calcetines de algodón
223775,2023-07-05,Luisana,Acosta Aguilar,382736,Mochila
154689,2023-01-07,Ana,Araya Bravo,514280,Medias Largas
94915,2023-04-09,Ana,Acosta Aguilar,494678,Reloj Dama
112385,2023-09-10,Walter,Rojas Vargas,368230,Traje de baño
293710,2023-08-10,Sebastián,Rojas Vargas,600307,Chaqueta de invierno
250339,2023-02-06,Rogelio,Jiménez Ruiz,988718,Pijama de algodón
40832,2023-07-28,kelly,Rodríguez Sánchez,157067,Termo
168884,2022-12-26,Simón,González Fernández,614644,Pines (accesorios)
199350,2023-10-04,Clara,Jiménez Ruiz,939360,Medias Largas
93494,2022-11-02,Nicolás,Sánchez López,254955,Sudadera ligera
221867,2023-03-07,Eduardo,Ríos Rojas,688017,Zapatillas de casa
215679,2022-12-26,Patricia,Espinosa Herrera,864972,Sombrero de verano
193138,2022-11-02,Mauricio,Torres Morales,282957,Reloj Dama
268987,2023-09-08,Mauricio,Paredes Romero,795058,Traje de baño
63789,2023-02-03,Yolanda,Medina Ortega,496331,Gorro de lana
17434,2023-10-22,Mariano,Torres Morales,151688,Pantaloneta
292538,2023-04-24,Patricia,Díaz Herrera,457042,Pantalones cortos
220637,2023-01-06,Luisana,Díaz Herrera,519847,Chaqueta vaquera
235438,2023-05-18,Selena,Ríos Rojas,659936,Chaqueta de invierno
161770,2023-08-10,Luisana,Díaz Herrera,390838,Zapatos
24375,2023-02-06,Isabel,Jiménez Ruiz,997642,Shorts de playa
107999,2023-08-10,Rogelio,Torres Morales,546225,Pantalon
7469,2023-06-25,Regina,Cordero Acosta,266761,Gafas de sol
32161,2022-12-31,Ernesto,Jara Silva,482764,Bikini
259018,2023-01-092023-05-27,Luisana,Reyes Rivera,186076,Reloj Dama
207961,2023-02-06,Pablo,Castro Soto,885047,Calcetines de algodón
215762,2023-04-17,Mauricio,Delgado Valenzuela,887526,Camisa a rayas
294498,2023-01-07,Carla,Torres Morales,472784,Shorts de playa
115375,2023-02-06,Juan,Herrera Navarro,196016,Short
241083,2023-04-09,Veronica,Rojas Vargas,530767,Chaqueta Cuero Caballero
162105,2023-09-27,Walter,Vargas Molina,860880,Zapatos de tacón
206932,2023-04-09,Eduardo,Navarro Cordero,674555,Pantalon
556,2023-04-20,Aurora,Delgado Valenzuela,702936,Pantalones vaqueros
222300,2023-08-10,Mauricio,Ramirez Torres,395575,Pines (accesorios)
194190,2023-06-25,Elisa,Cordero Acosta,285073,Reloj Caballero
223303,2023-01-092023-05-27,Rogelio,Jara Silva,811729,Leggings deportivos
192756,2023-01-06,Julia,Torres Morales,590058,Sudadera ligera
25115,2023-08-10,Emilio,Castro Soto,891415,Bolso de mano
186226,2023-04-17,Ana,Rojas Vargas,262796,Bolso de mano
119411,2023-09-10,Carla,Acosta Aguilar,784960,Zapatillas de casa
264145,2023-05-29,Lourdes,Aguilar Delgado,818546,Cinturón de cuero
92395,2023-04-25,Eduardo,Navarro Cordero,843957,Medias Largas
85279,2022-11-02,Julián,Paredes Jiménez,730697,Botas de montaña
103125,2023-04-24,Andres,Pérez González,531144,Camisa Cuello V
212008,2023-08-10,Regina,Torres Morales,276193,Gorro de esquí
1007,2023-07-03,Felipe,Soto Romero,790482,Cartera
231105,2023-02-05,Marisol,Pérez González,717960,Botas de montaña
164361,2023-01-30,Esther,Ríos Rojas,150042,Camiseta básica
56094,2022-11-29,Eduardo,Rodríguez Sánchez,916271,Gorro de lana
117363,2023-07-05,Luisana,Herrera Navarro,223780,Zapatos de vestir
199425,2022-12-26,Sebastián,Ríos Rojas,824825,Chaleco acolchado
44638,2023-02-03,Regina,Medina Ortega,340203,Shorts de playa
164754,2023-01-30,Ernesto,Ríos Rojas,995283,Vestido de noche
264087,2023-09-10,Ariel,Aguilar Delgado,267469,Chaqueta Cuero Caballero
62166,2023-03-07,Julián,Pérez González,512248,Zapatos de lona
239278,2023-04-07,Irene,Ruiz Espinosa,440914,Blusa
257799,2022-10-28,Ana,Campos Mendoza,493689,Camisa Basica
41974,2023-08-13,Joaquín,Medina Ortega,918015,Chaqueta Cuero Caballero
179382,2023-10-12,Clara,Torres Morales,361433,Sudadera
145180,2023-03-07,Manuela,González Fernández,208091,Cinturón de cuero
26207,2023-04-07,Sebastián,Delgado Valenzuela,974782,Medias Tobilleras
249863,2023-03-04,Lorenzo,Ruiz Espinosa,606232,Chaqueta vaquera
274911,2023-02-06,Inés,Espinosa Herrera,663811,Botas de montaña
271830,2023-07-03,Julián,Paredes Romero,271342,Gorro de esquí
299342,2023-05-18,Marisol,López Fernández,337623,Bono Regalo
218801,2023-04-17,Cecilia,Delgado Valenzuela,670854,Leggings deportivos
115148,2023-05-18,Lorenzo,Espinosa Herrera,931697,Gorro de esquí
261589,2023-08-10,Mauricio,Cordero Acosta,604961,Sudadera con capucha
138934,2023-07-17,Isabel,Sánchez López,905921,Traje de baño
187800,2023-05-08,Veronica,Delgado Valenzuela,275390,Traje de baño
72017,2023-01-092023-05-27,Linda,Paredes Jiménez,882523,Anillo de diamantes
109404,2022-11-02,Marisol,Castro Soto,809134,Leggings deportivos
125761,2023-04-09,Inés,Aguilar Delgado,516180,Chándal
214861,2023-09-08,Walter,Reyes Rivera,917471,Pañuelo de seda
43273,2023-08-13,Alex,Medina Ortega,820490,Buso
87362,2023-01-28,Víctor,Díaz Herrera,275311,Mono corto
145191,2023-04-09,Clara,Reyes Rivera,749858,Zapatos de vestir
151362,2023-02-06,Ernesto,Sánchez López,485240,Zapatillas de casa
151508,2022-10-28,Selena,Sánchez López,355331,Pantalones cargo
53998,2023-03-07,Simón,Ríos Rojas,239387,Bufanda de lana
272395,2023-04-09,Yolanda,Torres Morales,469471,Zapatos
236314,2023-07-19,Clara,Medina Ortega,604372,Mochila
60945,2022-12-31,Cecilia,Soto Romero,223622,Camisa Basica
221755,2023-01-30,Emilio,Rojas Vargas,170405,Calcetines de algodón
5026,2023-01-06,Mauricio,Aguilar Delgado,875842,Termo
156365,2023-03-04,Elisa,Soto Romero,179464,Gorra
299491,2023-07-05,Raul,Jara Silva,584778,Traje de baño
260226,2023-06-25,Walter,Aguilar Delgado,700774,Buso
140252,2023-08-19,Mauricio,Ríos Rojas,623335,Reloj Dama
216997,2023-04-17,Gerardo,Ramirez Torres,296445,Sombrero de verano
20425,2022-11-14,Mariano,López Fernández,189961,Gorra
251956,2023-07-28,Rogelio,Ramirez Torres,599639,Camisa Basica
125127,2023-08-13,Aurora,Pérez González,326489,Pantalones cortos
211024,2023-08-10,Mauricio,Castro Soto,337001,Botas de montaña
16624,2023-07-28,Eduardo,Ruiz Espinosa,192323,Leggings deportivos
144349,2023-07-19,Aurora,Reyes Rivera,925122,Medias Largas
121534,2022-11-02,Lorenzo,Reyes Rivera,400923,Zapatillas de casa
266729,2023-10-12,Carla,Acosta Aguilar,352940,Bono Regalo
214789,2023-10-22,Ariel,Torres Morales,150979,Correa
189164,2023-10-04,Lourdes,Delgado Valenzuela,683187,Reloj Caballero
78641,2023-02-06,Eduardo,Díaz Herrera,901260,Pantaloneta
96787,2023-02-23,Simón,Jiménez Ruiz,397351,Camiseta polo
9529,2023-01-12,Juan,Acosta Aguilar,216719,Falda plisada
107864,2023-04-25,Lorenzo,Díaz Herrera,321701,Pantalon
67710,2023-08-19,Manuela,Torres Morales,542776,Corbata de seda
97549,2022-11-06,Mauricio,Torres Morales,217610,Calcetines de algodón
215729,2023-09-10,Juan,López Fernández,900294,Blusa
254276,2023-04-09,Linda,González Fernández,615577,Reloj de pulsera
251945,2023-08-10,Eduardo,Navarro Cordero,993596,Camiseta de tirantes
137540,2023-08-10,Cecilia,Ramirez Torres,376544,Pantalon
169313,2023-04-07,Nicolás,Reyes Rivera,418268,Cinturón de cuero
62690,2023-10-12,Marisol,Medina Ortega,363729,Shorts de playa
219240,2023-08-10,Lorenzo,Ramirez Torres,750272,Bolso de mano
125980,2023-04-17,Tomás,Castro Soto,429892,Bolso de mano
184694,2023-04-07,Isabel,Díaz Herrera,669958,Falda plisada
83132,2023-04-21,Julia,Ramirez Torres,189137,Chaqueta de invierno
50983,2023-07-05,Veronica,Díaz Herrera,514688,Chándal
123928,2023-10-04,Pablo,Navarro Cordero,414833,Cordones
236149,2023-08-10,Eduardo,Torres Morales,272621,Calcetines de algodón
43239,2022-11-06,Lourdes,Paredes Jiménez,947077,Gorro de lana
144054,2023-04-09,Elisa,Soto Romero,384626,Camiseta polo
39786,2023-09-27,Raul,Torres Morales,475923,Corbata de seda
288954,2022-11-06,Elvira,Paredes Jiménez,566455,Bikini
66661,2023-05-29,Regina,Acosta Aguilar,664653,Vestido elegante
211571,2023-04-21,Gerardo,Soto Romero,235498,Reloj de pulsera
110262,2023-07-03,Walter,Rodríguez Sánchez,497452,Pañuelo de seda
250193,2022-11-29,Marisol,Acosta Aguilar,812640,Chaleco acolchado
272066,2023-03-01,Arturo,Pérez González,457457,Gorro de esquí
134800,2023-07-03,Isabel,Acosta Aguilar,785561,Vestido de noche
123431,2022-12-31,Gerardo,Castro Soto,975427,Reloj de pulsera
138328,2023-04-21,Ernesto,Pérez González,456295,Chaqueta Cuero Caballero
106493,2023-08-10,Rogelio,Rodríguez Sánchez,741489,Vestido
72763,2023-04-17,Mónica,Vargas Molina,439980,Pijama de algodón
226240,2023-01-07,Ana,Rodríguez Martínez,258303,Abrigo largo
167229,2022-11-14,Aurora,Pérez González,657029,Sudadera
263849,2023-05-18,Ernesto,Reyes Rivera,669560,Vestido de verano
205881,2023-07-03,Joaquín,Campos Mendoza,678764,Blusa de seda
139319,2023-07-19,Isabel,Araya Bravo,283784,Gorro de lana
171595,2023-07-03,Tomás,Delgado Valenzuela,676247,Botas de montaña
59952,2023-08-13,Luciana,Navarro Cordero,411123,Jersey de lana
255306,2023-08-10,Regina,Torres Morales,783554,Cartera
183409,2023-02-03,Irene,Jiménez Ruiz,219305,Termo
254230,2023-02-06,Mariano,Pérez González,936927,Gorro de lana
281159,2023-07-19,Cecilia,Díaz Herrera,176961,Gafas de sol
31550,2023-04-24,Clara,Torres Morales,369458,Mochila
290903,2023-08-10,Arturo,Díaz Herrera,213417,Pañuelo de seda
150987,2023-10-04,Paula,Cordero Acosta,391386,Cinturón de cuero
193438,2023-02-03,Joaquín,Ramirez Torres,197907,Camisa Basica
130,2023-07-19,Luisana,Acosta Aguilar,409063,Camiseta básica
64682,2023-07-19,Luisana,Reyes Rivera,739891,Zapatos deportivos
19784,2022-11-14,Ana,Espinosa Herrera,579068,Blusa estampada
46242,2023-01-30,Esther,Acosta Aguilar,904135,Pijama de algodón
130677,2023-09-27,Juan,Torres Morales,174512,Zapatos de tacón
150503,2023-05-29,Linda,Reyes Rivera,439627,Pantalones cortos
193597,2023-09-27,Pablo,Ramirez Torres,812921,Chaqueta vaquera
219564,2023-02-03,Yolanda,Acosta Aguilar,414143,Anillo de diamantes
125314,2023-09-10,Linda,Espinosa Herrera,857893,Vestido elegante
139752,2023-01-30,Rogelio,Campos Mendoza,927180,Vestido de verano
78510,2022-11-06,Lourdes,Reyes Rivera,766856,Zapatos deportivos
14286,2023-07-03,Felipe,Navarro Cordero,615189,Pantaloneta
81745,2023-10-12,Joaquín,Rojas Vargas,167696,Reloj Caballero
196822,2023-08-13,Ariel,Acosta Aguilar,819933,Pantalon
40255,2023-10-12,Gabriela,Jiménez Ruiz,310213,Calcetines de algodón
224518,2023-07-19,Manuela,Acosta Aguilar,997960,Zapatos deportivos
246829,2023-06-25,Ana,Delgado Valenzuela,436286,Camisa a rayas
129726,2023-04-17,Lorenzo,Ríos Rojas,484253,Cordones
223897,2023-04-25,Isabel,Acosta Aguilar,179326,Bufanda de lana
138220,2023-01-06,Walter,Díaz Herrera,558395,Vestido
191389,2023-05-29,Walter,Paredes Romero,287487,Abrigo largo
225309,2023-04-17,Arturo,Torres Morales,494474,Medias Tobilleras
169860,2022-11-29,Arturo,Cordero Acosta,247153,Pijama de algodón
253277,2023-04-25,Gerardo,Ramirez Torres,164939,Zapatos
3849,2023-04-09,Carla,Reyes Rivera,445710,Medias Largas
32495,2023-01-07,Luciana,Jiménez Ruiz,820283,Buso
10839,2023-08-10,Elvira,Paredes Romero,939125,Gafas de sol
70015,2022-11-02,Linda,Torres Morales,717795,Vestido de noche
151491,2023-05-08,Irene,Reyes Rivera,316676,Cinturón de cuero
254124,2023-03-01,Hernán,Espinosa Herrera,861506,Pijama de algodón
281060,2023-01-12,Carla,Ramirez Torres,428509,Bolso de mano
181181,2022-11-14,Sebastián,Rodríguez Sánchez,667663,Camisa Polo
64930,2023-04-21,Ana,Cordero Acosta,757064,Cinturón de cuero
276551,2023-05-08,Gerardo,Castro Soto,745173,Jersey de lana
144676,2023-08-13,Regina,Soto Romero,352162,Vestido
175380,2023-07-19,Gerardo,Espinosa Herrera,238157,Buso
123375,2023-02-06,Gerardo,Espinosa Herrera,231971,Bufanda de lana
24656,2023-08-13,Walter,Jara Silva,252426,Camisa Basica
90173,2023-04-20,Eduardo,Reyes Rivera,983325,Camiseta de tirantes
134864,2022-11-02,Aurora,Paredes Romero,340927,Sombrero de verano
120836,2023-01-12,Eduardo,Ruiz Espinosa,356016,Bono Regalo
227127,2023-08-10,Mariano,Herrera Navarro,891745,Cinturón de cuero
242963,2023-07-03,Sebastián,Jiménez Ruiz,792471,Vestido
7734,2023-09-27,Emilio,Espinosa Herrera,812308,Anillo de diamantes
282878,2023-09-27,Manuela,Valenzuela Ríos,454188,Camiseta básica
49088,2023-08-19,Carla,Espinosa Herrera,767812,Zapatos deportivos
216494,2023-06-25,Joaquín,Castro Soto,409570,Shorts de playa
43826,2023-07-28,Yolanda,Vargas Molina,283909,Leggings deportivos
50614,2023-02-05,Walter,Ríos Rojas,774466,Pantalones de yoga
185405,2023-10-04,Clara,Herrera Navarro,716239,Camisa Cuello V
156297,2023-04-21,Nicolás,López Fernández,175472,Vestido de noche
57444,2023-06-25,Eduardo,Pérez González,158777,Gorros de baño
238876,2023-08-19,Alex,Paredes Romero,536210,Camiseta polo
260672,2023-02-05,Veronica,Paredes Jiménez,917995,Zapatos de lona
52067,2023-04-21,Felipe,Espinosa Herrera,655829,Bufanda de lana
228501,2023-03-07,Natalie,Ramirez Torres,368115,Calcetines de algodón
237765,2023-10-04,Carla,Delgado Valenzuela,938790,Abrigo largo
212,2023-07-03,Inés,Pérez González,765838,Chaqueta Cuero Caballero
158782,2023-01-07,Hernán,Rojas Vargas,777512,Vestido de verano
177582,2023-08-13,Natalie,Campos Mendoza,650229,Cinturón de cuero
107538,2023-05-18,Cecilia,Acosta Aguilar,888453,Short
136318,2023-04-25,Lourdes,Medina Ortega,784159,Bolso de mano
91397,2023-01-092023-05-27,Raul,Campos Mendoza,943772,Cartera
20717,2023-02-06,Mariano,Valenzuela Ríos,960800,Vestido
293553,2023-04-20,Selena,Navarro Cordero,595838,Corbata de seda
47392,2023-04-09,Felipe,Pérez González,350904,Reloj de pulsera
114315,2023-03-07,Arturo,Rodríguez Sánchez,354753,Camisa Polo
40705,2023-05-29,Tomás,Espinosa Herrera,781559,Blusa estampada
84825,2023-07-03,Sebastián,Paredes Jiménez,558173,Pantalon
74817,2023-01-07,Carla,Castro Soto,415752,Shorts de playa
45075,2023-03-07,Regina,Sánchez López,440206,Correa
182709,2023-04-09,Emilio,Medina Ortega,571960,Pantalon
173557,2023-01-30,Tomás,Rodríguez Martínez,766646,Camiseta básica
74248,2023-02-06,Simón,López Martínez,460743,Zapatos
117673,2023-08-19,Paula,Paredes Jiménez,430673,Cartera
84782,2023-08-19,Simón,Ríos Rojas,165426,Pines (accesorios)
61480,2023-04-25,Manuela,Navarro Cordero,196080,Chaqueta de cuero
213111,2022-11-14,Gerardo,Díaz Herrera,766511,Zapatos de lona
72145,2023-01-12,Hernán,Torres Morales,700695,Camisa Cuello V
294618,2022-11-29,Mauricio,Herrera Navarro,462282,Botas de montaña
91133,2023-02-05,Regina,Ramirez Torres,668094,Blusa
96135,2023-08-10,Linda,Campos Mendoza,869816,Calcetines de algodón
139204,2023-08-13,Aurora,Araya Bravo,683806,Vestido de noche
69318,2022-12-26,Pablo,Reyes Rivera,154746,Jersey de lana
15052,2023-05-29,Víctor,Herrera Navarro,770387,Pines (accesorios)
258314,2023-07-17,Julián,Campos Mendoza,405689,Short
36116,2023-03-07,Pablo,Aguilar Delgado,433461,Zapatos de vestir
111615,2023-01-092023-05-27,Elvira,Cordero Acosta,859529,Shorts de playa
235699,2022-11-14,Lorenzo,Aguilar Delgado,435594,Zapatos de lona
103268,2023-10-04,Regina,Ramirez Torres,204208,Pantalones cortos
82681,2023-04-09,Elvira,Vargas Molina,970348,Chaqueta de invierno
130736,2023-08-10,Veronica,Medina Ortega,923180,Pines (accesorios)
152405,2022-11-02,Irene,López Fernández,386445,Chaqueta vaquera
253049,2023-01-06,Elvira,Ríos Rojas,327341,Zapatos de vestir
12165,2022-12-31,Tomás,Ríos Rojas,763801,Pantalones cargo
128369,2023-07-03,Raul,Vargas Molina,839696,Bufanda de lana
138824,2023-04-25,Nicolás,Delgado Valenzuela,373518,Cordones
74909,2023-01-07,Ariel,Castro Soto,470934,Bolso de mano
225918,2022-11-06,Hernán,Vargas Molina,256770,Gafas de sol
191028,2023-01-28,Sebastián,Rojas Vargas,211219,Vestido de verano
204967,2023-06-25,Joaquín,Delgado Valenzuela,394314,Gorro de esquí
183135,2023-10-04,Clara,Rodríguez Sánchez,358444,Chaqueta de cuero
130624,2023-07-19,Lorenzo,Torres Morales,795631,Termo
72248,2023-04-25,Linda,Cordero Acosta,722328,Calcetines de algodón
269139,2023-05-08,Raul,González Fernández,907831,Jersey de lana
152862,2023-03-07,Julián,Ruiz Espinosa,540064,Gorra
37356,2023-01-06,Ariel,Díaz Herrera,974764,Sudadera ligera
28739,2023-02-05,Luisana,Cordero Acosta,754509,Pantalon
48681,2023-09-27,Isabel,Sánchez López,673914,Reloj de pulsera
193060,2023-08-10,Nicolás,Jiménez Ruiz,504658,Camisa Polo
237283,2023-04-09,Ana,Díaz Herrera,861744,Camisa Cuello V
166174,2023-07-03,Luisana,Pérez González,601224,Gorro de esquí
298057,2023-08-19,Gabriela,Aguilar Delgado,959177,Zapatos deportivos
162387,2022-11-14,Lorenzo,Cordero Acosta,318499,Anillo de diamantes
35806,2023-04-17,Gerardo,Cordero Acosta,600447,Pijama de algodón
98543,2022-11-29,Paula,Paredes Romero,753542,Leggings deportivos
113118,2023-01-12,Marisol,Soto Romero,711750,Gorro de lana
20572,2023-07-03,Pablo,Castro Soto,558668,Zapatos de lona
120302,2023-04-20,Lorenzo,Vargas Molina,567664,Gorra
8970,2022-11-29,Natalie,Navarro Cordero,846588,Gorro de lana
112640,2023-03-01,Isabel,Paredes Jiménez,855282,Bufanda de lana
274641,2023-02-03,Rogelio,Pérez González,266365,Vestido de verano
223728,2023-05-18,Hernán,Rodríguez Sánchez,825432,Vestido de verano
73903,2023-03-01,Mauricio,Reyes Rivera,289520,Vestido de verano
10265,2023-09-10,Nicolás,Delgado Valenzuela,802963,Zapatos
212749,2023-07-03,Víctor,Araya Bravo,241818,Sudadera ligera
122131,2023-05-18,Mauricio,Espinosa Herrera,949794,Gorro de esquí
135006,2023-03-07,Juan,Jiménez Ruiz,436231,Camisa a rayas
93100,2023-07-17,Nicolás,Rojas Vargas,910948,Medias Largas
158100,2023-01-28,Víctor,Díaz Herrera,276368,Vestido
128091,2023-05-18,Elvira,Ríos Rojas,317682,Mono corto
14276,2023-08-19,Natalie,Ruiz Espinosa,449443,Camisa Basica
85503,2023-01-092023-05-27,Rogelio,Pérez González,824030,Camisa a rayas
221507,2023-07-17,Felipe,Ramirez Torres,860607,Medias Largas
198247,2023-01-092023-05-27,Lorenzo,Pérez González,426215,Camiseta polo
5229,2023-10-12,Inés,Pérez González,310726,Zapatos deportivos
41060,2023-08-10,Emilio,Ramirez Torres,481065,Botas de montaña
22281,2023-04-07,Elisa,Díaz Herrera,248131,Vestido de verano
162542,2023-04-17,Felipe,Delgado Valenzuela,457691,Abrigo largo
125536,2022-12-26,Joaquín,Ríos Rojas,634863,Blusa
82658,2023-06-25,Pablo,Paredes Jiménez,765032,Bolso de mano
110931,2023-04-09,Paula,Jiménez Ruiz,575667,Sudadera ligera
175705,2023-09-10,Víctor,Díaz Herrera,524112,Bufanda de lana
91980,2023-08-10,Ariel,Jiménez Ruiz,833086,Chaqueta Cuero Caballero
172955,2023-02-23,Natalie,Ramirez Torres,616630,Zapatillas de casa
211794,2023-08-19,Tomás,Díaz Herrera,824976,Camisa Polo
118039,2023-07-03,Mariano,Jiménez Ruiz,679869,Shorts de playa
294727,2023-07-05,Alex,Araya Bravo,850891,Pijama de algodón
297371,2023-08-10,Aurora,Soto Romero,777991,Corbata de seda
284185,2023-10-22,Miriam,Ruiz Espinosa,786798,Bolso de mano
118136,2022-11-29,Víctor,Acosta Aguilar,750338,Pantalones de yoga
293114,2023-07-28,Patricia,Castro Soto,683153,Chaqueta Cuero Dama
260438,2023-08-10,Mauricio,González Fernández,925833,Medias Tobilleras
129816,2023-09-10,Tomás,Herrera Navarro,534650,Abrigo largo
115953,2023-05-08,Elisa,Navarro Cordero,875766,Chándal
103047,2023-04-25,Julia,Rodríguez Martínez,185439,Sudadera con capucha
96941,2023-04-24,Andres,Reyes Rivera,917385,Jersey de lana
225551,2023-01-30,Paula,Pérez González,574881,Cinturón de cuero
120112,2023-02-23,Linda,Ramirez Torres,367822,Botas de montaña
268738,2023-08-10,Cecilia,Campos Mendoza,496600,Jersey de lana
16562,2023-01-12,Felipe,Pérez González,271548,Vestido elegante
73425,2022-12-31,Carla,Espinosa Herrera,897345,Pantalones de yoga
170826,2023-02-06,Elvira,Herrera Navarro,210251,Pantalon
141021,2023-03-01,Natalie,Araya Bravo,575252,Chaleco acolchado
91973,2023-07-05,Mariano,Delgado Valenzuela,997710,Pijama de algodón
51431,2023-09-10,Yolanda,Díaz Herrera,670940,Mono corto
199237,2023-04-21,Manuela,Reyes Rivera,506136,Pañuelo de seda
24969,2022-12-26,Patricia,Ríos Rojas,201590,Pantalones cargo
201110,2023-10-12,Cecilia,Pérez González,645475,Zapatos de vestir
262353,2023-09-08,Manuela,Espinosa Herrera,796256,Gorro de lana
62474,2023-07-17,Eduardo,Cordero Acosta,732066,Reloj Caballero
181519,2023-05-08,Arturo,Rodríguez Sánchez,215688,Abrigo largo
202073,2023-07-03,Patricia,Pérez González,317330,Medias Tobilleras
209019,2022-12-26,Elvira,Ramirez Torres,494903,Short
266922,2023-01-07,Gerardo,Vargas Molina,543220,Gorro de esquí
193276,2023-01-30,Emilio,Jara Silva,665279,Termo
136671,2023-07-03,Lorenzo,Delgado Valenzuela,244734,Blusa estampada
49471,2023-07-28,Irene,Díaz Herrera,277188,Cinturón de cuero
240045,2023-05-08,Marisol,Pérez González,218270,Vestido elegante
71823,2023-07-19,Eduardo,Reyes Rivera,910341,Pijama de algodón
10063,2023-07-19,Yolanda,Campos Mendoza,311932,Gafas de sol
140303,2023-08-10,Pablo,Ramirez Torres,882733,Blusa
133546,2022-10-28,kelly,Castro Soto,921780,Zapatos de lona
251656,2023-04-17,Patricia,Cordero Acosta,210685,Correa
56453,2023-04-25,Tomás,Castro Soto,399502,Bolso de mano
230370,2023-01-07,Pablo,Herrera Navarro,252070,Traje de baño
209054,2023-05-18,Cecilia,Rodríguez Sánchez,812534,Chaqueta de invierno
167649,2022-10-28,Pablo,Acosta Aguilar,159620,Zapatos deportivos
172458,2023-07-17,Eduardo,López Martínez,354787,Reloj Dama
29807,2022-10-28,Arturo,Jiménez Ruiz,980072,Zapatos de lona
30811,2023-08-19,Pablo,Herrera Navarro,174912,Bikini
42202,2023-04-09,Natalie,Castro Soto,467790,Medias Tobilleras
133299,2023-04-09,Lorenzo,Torres Morales,875126,Gorros de baño
112349,2023-01-12,Alex,Valenzuela Ríos,710736,Chaqueta Cuero Dama
124512,2023-05-08,Pablo,Pérez González,532719,Chaqueta Cuero Dama
215525,2023-03-07,Juan,Valenzuela Ríos,922591,Chaleco acolchado
29084,2022-11-06,Sebastián,Paredes Romero,329372,Mochila
95269,2022-11-29,Isabel,Jara Silva,465539,Blusa de seda
138854,2023-02-05,Nicolás,Torres Morales,181414,Zapatos de lona
253559,2023-05-08,Inés,Espinosa Herrera,695290,Chándal
138705,2023-07-19,Luisana,Acosta Aguilar,584420,Abrigo largo
20859,2023-05-08,Walter,Pérez González,279855,Chándal
78319,2023-07-17,Julián,Espinosa Herrera,394622,Zapatos de tacón
70564,2023-02-03,Tomás,Paredes Jiménez,173811,Gafas de sol
111688,2022-12-31,Cecilia,Delgado Valenzuela,814197,Vestido de noche
222855,2023-09-10,Emilio,Castro Soto,794358,Chándal
141910,2023-10-12,Ana,Castro Soto,284339,Reloj Dama
39915,2023-01-12,Andres,Jiménez Ruiz,855858,Chaqueta de invierno
289371,2022-12-26,Lorenzo,Torres Morales,901996,Bikini
81541,2023-04-09,Inés,Reyes Rivera,480467,Mochila
135808,2023-05-08,Marisol,Rodríguez Sánchez,343953,Abrigo largo
283163,2023-07-19,Rogelio,Castro Soto,175178,Camiseta polo
39553,2023-07-03,Eduardo,Jiménez Ruiz,777092,Pantalones de yoga
204120,2023-04-09,Tomás,Valenzuela Ríos,391685,Cartera
275610,2023-04-25,Luisana,Paredes Jiménez,535167,Reloj Dama
246958,2023-04-21,Eduardo,Acosta Aguilar,249459,Camisa Polo
15406,2022-10-28,Regina,Sánchez López,790679,Chaqueta Cuero Caballero
105441,2023-07-28,Elvira,Pérez González,676502,Buso
43927,2022-11-29,Luciana,Díaz Herrera,441689,Cinturón de cuero
277478,2022-11-06,Yolanda,Ramirez Torres,730427,Zapatos de tacón
219521,2023-01-092023-05-27,Gabriela,Medina Ortega,900874,Camisa Polo
238600,2023-08-10,Arturo,Navarro Cordero,987884,Traje de baño
23188,2022-11-06,Aurora,Ramirez Torres,914358,Cartera
73510,2022-10-28,Paula,Ruiz Espinosa,682624,Pantalones de yoga
84946,2022-11-02,Paula,Torres Morales,275825,Chaqueta vaquera
147041,2023-09-10,Felipe,Espinosa Herrera,337326,Pantalones cargo
9175,2023-02-05,Patricia,Espinosa Herrera,494017,Camisa Basica
31211,2023-09-08,Luciana,Acosta Aguilar,496390,Zapatos de vestir
217576,2023-02-03,Aurora,Torres Morales,474779,Camiseta polo
266461,2023-05-29,Clara,Navarro Cordero,688620,Camiseta polo
132586,2023-03-04,Yolanda,Rojas Vargas,634440,Blusa
151952,2023-06-25,Mariano,Acosta Aguilar,581239,Blusa estampada
36539,2023-10-22,Mauricio,Sánchez López,784274,Pantaloneta
24465,2023-09-27,Mariano,Vargas Molina,486956,Reloj de pulsera
278429,2023-08-19,Walter,Torres Morales,860923,Bono Regalo
245187,2023-04-20,Ariel,Sánchez López,867979,Bufanda de lana
88106,2023-04-09,Marisol,Vargas Molina,956538,Blusa estampada
100389,2022-11-06,Rogelio,Delgado Valenzuela,244051,Traje de baño
172291,2023-04-09,Regina,Delgado Valenzuela,330511,Camisa Polo
134916,2023-01-07,Mauricio,Reyes Rivera,160090,Pantalones cargo
197489,2023-07-17,Víctor,Torres Morales,863839,Anillo de diamantes
183952,2023-04-25,Mónica,Ríos Rojas,845642,Pines (accesorios)
54076,2023-04-07,Manuela,Paredes Romero,944390,Gorros de baño
22389,2023-07-03,Miriam,Espinosa Herrera,489024,Cinturón de cuero
142712,2023-02-23,Juan,López Fernández,676358,Camiseta polo
266381,2022-11-02,Julián,Díaz Herrera,595326,Vestido de noche
97762,2022-12-26,Esther,López Martínez,703918,Buso
280512,2023-04-17,Luciana,López Fernández,198012,Camiseta básica
217429,2022-10-28,Lourdes,Jiménez Ruiz,849733,Pantalones de yoga
13657,2023-03-01,Hernán,Rodríguez Martínez,177464,Mochila
212584,2023-01-30,Inés,Jiménez Ruiz,522551,Chándal
79723,2023-02-03,Selena,Delgado Valenzuela,588502,Pines (accesorios)
294441,2023-01-12,Joaquín,Rojas Vargas,862670,Vestido de noche
119813,2023-08-19,Luciana,Torres Morales,419444,Mono corto
183802,2023-02-03,Walter,Díaz Herrera,720966,Bolso de mano
51313,2022-12-26,Nicolás,Rodríguez Martínez,931995,Pañuelo de seda
116528,2023-08-10,Elvira,Paredes Jiménez,985785,Vestido
271128,2023-04-21,Felipe,Araya Bravo,900293,Reloj de pulsera
290045,2023-01-06,Ernesto,Sánchez López,442783,Vestido
265512,2023-04-17,Patricia,Díaz Herrera,471559,Vestido de verano
67909,2023-02-23,Paula,Ríos Rojas,873998,Pantalon
126976,2023-03-07,Hernán,Castro Soto,424228,Cinturón de cuero
44697,2023-08-13,Tomás,Ramirez Torres,805398,Mono corto
56951,2023-09-27,Clara,Reyes Rivera,372158,Cordones
73749,2022-11-29,Lorenzo,Pérez González,817191,Blusa
78104,2023-04-21,Joaquín,Reyes Rivera,306908,Chaqueta de invierno
191228,2023-02-05,Mauricio,Ruiz Espinosa,563147,Gorros de baño
137574,2023-07-17,Walter,Jara Silva,898622,Pantalones cargo
259908,2023-07-17,Eduardo,Pérez González,158554,Correa
44764,2023-08-10,Esther,Pérez González,761335,Corbata de seda
154007,2023-09-27,Marisol,Jiménez Ruiz,291054,Chaqueta Cuero Dama
2696,2023-10-12,Paula,Torres Morales,317942,Gorros de baño
2170,2023-04-20,Elvira,Ramirez Torres,265951,Mochila
273363,2022-12-31,Tomás,Acosta Aguilar,606017,Correa
168923,2023-10-22,Miriam,Medina Ortega,533853,Termo
118983,2023-01-07,Paula,Espinosa Herrera,226032,Pijama de algodón
162340,2023-04-21,Ernesto,López Fernández,822508,Sudadera
265420,2023-02-06,Víctor,Castro Soto,927750,Reloj Dama
139819,2023-02-23,Nicolás,Espinosa Herrera,923156,Pantalones cargo
25692,2023-08-10,Gabriela,Navarro Cordero,809560,Chaqueta de invierno
88840,2022-10-28,Ana,Rodríguez Sánchez,332588,Bufanda de lana
181713,2023-03-07,Aurora,Rodríguez Sánchez,352049,Chaqueta Cuero Caballero
133468,2023-02-23,Ernesto,Torres Morales,346167,Blusa estampada
18218,2023-07-19,Patricia,Espinosa Herrera,167892,Chaqueta vaquera
83223,2023-07-05,Simón,Ríos Rojas,233038,Camiseta básica
202415,2022-10-28,Lorenzo,Ríos Rojas,468819,Blusa estampada
225692,2022-11-14,Lorenzo,Ramirez Torres,169129,Camiseta de tirantes
48070,2023-07-17,Lorenzo,Díaz Herrera,402934,Camisa Polo
144874,2023-09-08,Yolanda,Navarro Cordero,475917,Jersey de lana
281114,2023-05-18,Veronica,Jara Silva,860845,Zapatillas de casa
77437,2023-10-12,Esther,Jiménez Ruiz,176568,Chaqueta vaquera
298963,2023-08-10,Cecilia,Vargas Molina,196303,Camisa Basica
13583,2023-02-06,Mónica,Ríos Rojas,612020,Zapatillas de casa
144808,2023-09-08,Simón,Ríos Rojas,509989,Shorts de playa
123376,2023-01-30,Mauricio,Delgado Valenzuela,992209,Pantalones de yoga
290666,2023-04-17,Eduardo,Cordero Acosta,335750,Reloj Dama
62919,2022-11-29,Elvira,Navarro Cordero,775652,Blusa de seda
119888,2023-01-092023-05-27,Inés,Delgado Valenzuela,183959,Pantalon
254124,2023-01-12,Sebastián,Medina Ortega,973975,Medias Tobilleras
13078,2023-03-07,Eduardo,Torres Morales,545192,Pines (accesorios)
31426,2023-02-03,Ernesto,Ramirez Torres,584008,Traje de baño
74077,2023-01-06,Eduardo,Sánchez López,367117,Reloj Dama
176573,2023-03-01,Luisana,Delgado Valenzuela,710105,Pines (accesorios)
83034,2023-01-28,Regina,Paredes Romero,875780,Cartera
12559,2023-04-20,Regina,Acosta Aguilar,474289,Zapatos de lona
172302,2023-01-28,Gerardo,Díaz Herrera,796531,Cinturón de cuero
286177,2023-07-28,Inés,Ramirez Torres,222031,Blusa
33506,2023-08-19,Clara,Díaz Herrera,642122,Pantalones de yoga
28685,2023-04-20,Natalie,Díaz Herrera,840901,Camiseta de tirantes
123965,2023-04-07,Clara,López Fernández,911624,Pañuelo de seda
249044,2023-07-28,Marisol,Delgado Valenzuela,500793,Sudadera
22047,2023-04-07,Inés,Medina Ortega,901480,Sudadera ligera
126614,2023-02-05,Linda,Acosta Aguilar,558654,Sombrero de verano
230623,2023-08-19,Simón,Torres Morales,700407,Pantalones cortos
216254,2023-07-03,Andres,Rodríguez Sánchez,939666,Sudadera con capucha
13567,2023-07-03,Isabel,López Fernández,796387,Bufanda de lana
242917,2023-04-25,Irene,Torres Morales,165871,Mono corto
214662,2023-04-21,Isabel,Ramirez Torres,210997,Zapatos de tacón
246755,2022-11-02,Julia,Vargas Molina,806841,Termo
208042,2023-05-29,Lorenzo,Herrera Navarro,859647,Abrigo largo
2607,2023-05-08,Lorenzo,López Fernández,594595,Sombrero de verano
8665,2023-04-07,Regina,Acosta Aguilar,305367,Zapatos deportivos
251080,2023-08-19,Inés,Castro Soto,618612,Zapatos de tacón
57087,2023-07-17,Lourdes,Espinosa Herrera,163050,Blusa estampada
129510,2023-04-21,Arturo,Torres Morales,982287,Vestido de verano
180406,2022-11-14,Linda,Castro Soto,873154,Correa
98869,2023-02-05,Inés,Castro Soto,526288,Pantalones cargo
242445,2023-09-08,Elisa,Díaz Herrera,639100,Chaqueta vaquera
210416,2023-04-25,Víctor,Valenzuela Ríos,545277,Gorra
41938,2023-04-07,Linda,López Martínez,510135,Shorts de playa
12809,2023-04-07,Mónica,Navarro Cordero,251232,Reloj Caballero
272761,2023-08-10,Carla,Castro Soto,459080,Blusa
265767,2023-08-10,Nicolás,Paredes Jiménez,675673,Vestido de verano
4318,2023-09-27,Clara,Delgado Valenzuela,396379,Gorros de baño
265422,2023-08-10,Raul,Reyes Rivera,423945,Blusa
85962,2022-10-28,Lourdes,López Martínez,644010,Calcetines de algodón
168647,2023-04-09,Julián,Navarro Cordero,552913,Sudadera con capucha
298162,2023-04-25,Irene,Torres Morales,336103,Jersey de lana
184827,2023-02-05,Miriam,Delgado Valenzuela,832921,Mochila
66061,2023-04-24,Mauricio,Paredes Romero,411267,Zapatos deportivos
263927,2023-02-05,Joaquín,Medina Ortega,632530,Calcetines de algodón
88219,2023-03-07,Carla,Soto Romero,537550,Bufanda de lana
132468,2022-11-14,Raul,Paredes Romero,963197,Chaqueta Cuero Dama
165591,2023-02-05,Arturo,Ríos Rojas,263381,Blusa
261151,2023-07-19,Hernán,Medina Ortega,443325,Pantalones cargo
111484,2023-08-10,Andres,Torres Morales,383416,Sudadera ligera
198338,2023-05-08,Alex,Díaz Herrera,766689,Camisa Basica
81501,2023-10-22,kelly,López Martínez,541648,Chaleco acolchado
284363,2023-02-06,Walter,Paredes Jiménez,365396,Pijama de algodón
278457,2022-11-06,Joaquín,López Fernández,643701,Termo
263721,2022-10-28,Veronica,Jara Silva,325857,Blusa
48673,2023-08-13,Aurora,Reyes Rivera,495862,Termo
112249,2023-07-05,Gerardo,Ríos Rojas,818771,Jersey de lana
136806,2023-07-05,Tomás,Aguilar Delgado,218887,Sudadera
199627,2023-08-10,Luciana,Acosta Aguilar,471360,Bufanda de lana
208376,2023-03-07,Esther,Valenzuela Ríos,565818,Buso
190147,2023-07-17,Paula,López Martínez,832814,Sudadera
161178,2022-12-31,Nicolás,Aguilar Delgado,424909,Sombrero de verano
82245,2023-04-24,Natalie,Araya Bravo,692107,Camisa Basica
77701,2023-03-01,Pablo,Jara Silva,607205,Short
33438,2023-09-27,Eduardo,Reyes Rivera,928358,Medias Tobilleras
17804,2023-06-25,Mónica,Rojas Vargas,746251,Falda plisada
175911,2023-08-10,Ariel,Espinosa Herrera,870727,Pantaloneta
243651,2023-01-06,Natalie,Rojas Vargas,494132,Vestido de verano
216024,2022-11-02,Joaquín,Rojas Vargas,528134,Camiseta polo
188397,2023-08-10,Esther,Ramirez Torres,792477,Botas de montaña
287399,2023-04-21,Lorenzo,Jara Silva,516979,Pantalones de yoga
36169,2023-06-25,Sebastián,Vargas Molina,972394,Medias Largas
177288,2023-05-08,Esther,López Fernández,939531,Abrigo largo
91820,2023-01-07,Tomás,López Fernández,839217,Sudadera ligera
12693,2022-12-26,Elvira,Reyes Rivera,563244,Blusa de seda
44235,2023-06-25,Felipe,Rodríguez Sánchez,723389,Correa
289251,2023-02-23,Mónica,González Fernández,330979,Mochila
134262,2022-11-02,Mariano,Espinosa Herrera,661118,Anillo de diamantes
155269,2023-03-04,Felipe,Reyes Rivera,993818,Pantalones cargo
70176,2023-05-29,Clara,Valenzuela Ríos,602217,Vestido
16385,2023-08-10,Irene,Araya Bravo,700704,Leggings deportivos
230982,2023-04-17,Irene,Rojas Vargas,478171,Chándal
241095,2022-11-29,Sebastián,Ramirez Torres,798449,Chaqueta de invierno
278788,2023-04-20,Tomás,Espinosa Herrera,792477,Bono Regalo
201963,2023-07-28,Juan,Pérez González,959023,Gorros de baño
81689,2023-01-12,Víctor,Rodríguez Martínez,741460,Chaqueta vaquera
60495,2023-04-21,Víctor,Delgado Valenzuela,151795,Vestido de noche
153344,2023-07-17,Elvira,Jiménez Ruiz,225163,Calcetines de algodón
61496,2023-08-10,Víctor,Paredes Jiménez,171046,Pantalones cargo
208079,2023-05-08,Manuela,Medina Ortega,664116,Blusa de seda
78042,2023-01-28,Eduardo,Acosta Aguilar,606610,Pantalon
20362,2023-09-10,Alex,Ramirez Torres,548181,Gorros de baño
287862,2023-01-092023-05-27,Felipe,Medina Ortega,434931,Bolso de mano
38417,2023-02-06,Juan,Paredes Romero,356404,Chaleco acolchado
234603,2023-08-10,Víctor,Jara Silva,573743,Camisa Polo
5855,2023-05-29,Patricia,Jiménez Ruiz,301070,Camiseta de tirantes
123058,2022-12-31,Linda,Díaz Herrera,646751,Pantalones cargo
81909,2022-11-06,Gerardo,Navarro Cordero,335492,Camisa Cuello V
67609,2022-11-29,Lourdes,López Martínez,917489,Short
240040,2022-12-26,Yolanda,Herrera Navarro,754597,Chaqueta de invierno
115206,2023-04-20,Inés,Acosta Aguilar,788974,Sudadera ligera
298760,2023-03-01,Elisa,Paredes Jiménez,817328,Gafas de sol
209378,2023-07-28,Irene,Araya Bravo,154980,Bikini
6595,2023-07-19,Isabel,Pérez González,531227,Chaqueta de cuero
171126,2023-05-08,Veronica,Ríos Rojas,651850,Botas de montaña
192013,2023-02-03,kelly,Torres Morales,788284,Pañuelo de seda
21021,2022-11-02,Manuela,Díaz Herrera,537384,Reloj Dama
134554,2023-04-07,Hernán,Rodríguez Martínez,818987,Gorro de lana
38047,2023-08-10,Mariano,Espinosa Herrera,185402,Mochila
207825,2022-12-31,Veronica,Rodríguez Sánchez,259086,Camisa Basica
19434,2023-02-03,Eduardo,Aguilar Delgado,565539,Sudadera con capucha
85586,2022-11-14,Lorenzo,Jara Silva,247006,Sombrero de verano
80928,2023-04-17,Gabriela,Ruiz Espinosa,171365,Pantaloneta
245148,2023-08-13,Aurora,Soto Romero,483144,Chaleco acolchado
240024,2023-04-20,Esther,Ríos Rojas,901275,Pantalones vaqueros
2620,2023-03-04,Elvira,Reyes Rivera,441019,Bufanda de lana
175795,2023-10-22,Selena,Espinosa Herrera,234508,Pines (accesorios)
248729,2023-04-21,Hernán,Reyes Rivera,643450,Pañuelo de seda
447,2023-08-19,Felipe,Araya Bravo,960400,Chaleco acolchado
146825,2023-08-10,Felipe,Pérez González,211928,Camiseta polo
256436,2023-03-07,Aurora,Medina Ortega,652517,Camisa Cuello V
152711,2023-09-08,Juan,Reyes Rivera,465048,Pijama de algodón
5722,2023-01-092023-05-27,Manuela,Torres Morales,625132,Zapatos de tacón
263813,2022-12-26,Elisa,Jara Silva,974328,Vestido de noche
196261,2023-09-10,Aurora,Espinosa Herrera,443029,Camisa Cuello V
79141,2023-05-08,Emilio,Navarro Cordero,570167,Termo
197286,2023-02-05,Veronica,Valenzuela Ríos,577973,Chaqueta de cuero
141595,2023-10-22,Tomás,Pérez González,556062,Sudadera
246000,2022-11-14,Aurora,Torres Morales,489983,Short
283947,2023-04-17,Paula,Delgado Valenzuela,601990,Chándal
236113,2022-11-29,Julián,Medina Ortega,768883,Pantaloneta
88382,2022-12-26,Patricia,Campos Mendoza,809349,Medias Tobilleras
132229,2022-11-14,Ariel,Rojas Vargas,871602,Bufanda de lana
106110,2023-08-10,Nicolás,González Fernández,931002,Zapatos de tacón
169006,2023-07-28,Juan,López Fernández,760715,Bufanda de lana
141804,2023-04-07,Joaquín,Paredes Romero,775415,Gafas de sol
192019,2023-08-10,Hernán,Delgado Valenzuela,711613,Camisa a rayas
230043,2023-01-28,Miriam,Díaz Herrera,446165,Sudadera
270069,2023-03-01,Rogelio,Pérez González,990098,Bikini
183870,2022-11-29,Víctor,Ruiz Espinosa,997640,Camiseta de tirantes
13699,2023-08-13,Gabriela,López Fernández,340983,Bufanda de lana
125594,2023-10-12,Esther,Delgado Valenzuela,853799,Pantalon
257421,2023-01-092023-05-27,Paula,Delgado Valenzuela,171441,Chaqueta Cuero Caballero
45956,2023-10-22,Gabriela,Ríos Rojas,627547,Gorro de lana
136962,2023-03-07,Veronica,Torres Morales,338602,Zapatos de vestir
297270,2023-07-05,Julián,Espinosa Herrera,415998,Camisa a rayas
133782,2023-01-092023-05-27,Nicolás,Valenzuela Ríos,913871,Camiseta básica
247405,2023-07-03,Sebastián,Rojas Vargas,928863,Gorro de esquí
212231,2023-04-24,Nicolás,Jara Silva,571113,Cartera
213114,2023-04-21,Ana,Araya Bravo,255042,Medias Tobilleras
256396,2022-12-31,kelly,Castro Soto,929348,Jersey de lana
77902,2023-08-10,Luisana,Reyes Rivera,713041,Pantalones de yoga
221675,2023-04-20,Alex,Espinosa Herrera,837992,Medias Tobilleras
133711,2023-08-19,Julia,Espinosa Herrera,399929,Mono corto
201442,2023-04-09,Ernesto,López Fernández,978374,Shorts de playa
937,2023-08-10,Patricia,Paredes Romero,929777,Bufanda de lana
282753,2023-10-12,Eduardo,Espinosa Herrera,385144,Bufanda de lana
65184,2023-09-08,Simón,Valenzuela Ríos,594656,Vestido de noche
107117,2023-02-05,Veronica,López Martínez,258596,Bono Regalo
260310,2023-08-19,Joaquín,Pérez González,397369,Zapatos de lona
142278,2023-02-06,Manuela,López Fernández,320510,Camisa Polo
64137,2023-08-10,Irene,Díaz Herrera,787361,Zapatos
62742,2023-04-09,Manuela,Delgado Valenzuela,400880,Correa
33810,2023-08-10,kelly,Rodríguez Martínez,802182,Gorro de esquí
293319,2022-12-31,Natalie,Delgado Valenzuela,968321,Sudadera con capucha
15134,2023-04-20,Luciana,Vargas Molina,873183,Anillo de diamantes
272977,2023-08-10,Isabel,Vargas Molina,455585,Buso
151226,2023-09-27,Carla,Aguilar Delgado,545145,Vestido de verano
216603,2023-07-17,Esther,Castro Soto,955644,Buso
64074,2022-11-14,Pablo,López Martínez,400642,Medias Largas
66403,2023-07-28,Rogelio,Jiménez Ruiz,784071,Pantalon
46697,2023-01-06,Regina,Medina Ortega,150459,Cinturón de cuero
280246,2023-04-07,Gerardo,Díaz Herrera,560265,Camiseta básica
18804,2023-05-29,Aurora,López Martínez,240811,Bikini
21708,2023-05-29,Luisana,Araya Bravo,959116,Termo
105082,2023-08-10,Simón,Jara Silva,408629,Traje de baño
289815,2023-06-25,Mónica,Paredes Jiménez,249545,Gorra
123075,2023-08-10,Patricia,Reyes Rivera,247328,Camiseta polo
217072,2023-08-19,Arturo,Navarro Cordero,869511,Zapatos de vestir
133278,2023-07-03,Julia,Vargas Molina,257711,Buso
13643,2023-07-03,Lorenzo,Medina Ortega,722089,Zapatos de tacón
43573,2023-08-10,Walter,Ramirez Torres,682653,Reloj Dama
104661,2023-10-04,Gerardo,Torres Morales,743085,Chaleco acolchado
34546,2023-02-06,Alex,López Martínez,733497,Anillo de diamantes
103476,2022-11-06,Lorenzo,Campos Mendoza,941373,Blusa de seda
236831,2023-01-092023-05-27,Irene,Navarro Cordero,449071,Medias Tobilleras
228249,2023-05-18,Andres,Delgado Valenzuela,392000,Anillo de diamantes
76352,2023-10-04,Alex,Ríos Rojas,539562,Bono Regalo
48636,2023-03-04,Regina,Sánchez López,742470,Chándal
228326,2023-03-01,Eduardo,López Martínez,862514,Cinturón de cuero
286371,2023-06-25,Ariel,Delgado Valenzuela,265522,Chándal
163410,2023-09-27,Raul,Jiménez Ruiz,366897,Buso
177799,2023-01-07,Simón,Navarro Cordero,805878,Pantaloneta
25400,2022-10-28,Julia,Sánchez López,604142,Falda plisada
191047,2023-08-10,Gerardo,Acosta Aguilar,697327,Traje de baño
4204,2023-08-10,Patricia,Torres Morales,583868,Pantalones vaqueros
204237,2023-05-08,Lorenzo,Sánchez López,438441,Mono corto
160576,2022-12-26,Selena,Espinosa Herrera,343213,Corbata de seda
99660,2023-07-17,Luisana,Torres Morales,741022,Pantalon
112265,2023-10-04,Nicolás,Navarro Cordero,975473,Zapatos de lona
288114,2022-11-02,Rogelio,Araya Bravo,251511,Jersey de lana
65610,2023-04-21,Nicolás,Pérez González,360712,Zapatillas de casa
246207,2023-07-19,Luciana,Navarro Cordero,777135,Camisa Cuello V
120010,2023-07-19,Elvira,Medina Ortega,440664,Cartera
3779,2023-08-10,Ariel,Acosta Aguilar,669976,Zapatillas de casa
247043,2023-05-18,Víctor,Jiménez Ruiz,740401,Bikini
43613,2023-06-25,Andres,González Fernández,371073,Camisa a rayas
77172,2023-08-10,Regina,Campos Mendoza,346192,Mochila
55811,2023-09-27,Lorenzo,Medina Ortega,485939,Chaqueta vaquera
94949,2023-04-07,Carla,Rodríguez Sánchez,736003,Reloj de pulsera
257033,2023-04-21,Cecilia,Sánchez López,524389,Falda plisada
31349,2023-07-28,Julián,Medina Ortega,997711,Corbata de seda
131602,2023-10-04,Nicolás,Vargas Molina,830247,Gafas de sol
97293,2023-08-13,Gabriela,Ríos Rojas,321634,Medias Tobilleras
36317,2023-05-18,Emilio,Medina Ortega,170138,Bolso de mano
90494,2023-01-092023-05-27,Manuela,Ruiz Espinosa,974594,Anillo de diamantes
9460,2023-10-22,Eduardo,Araya Bravo,208864,Vestido de noche
258780,2023-04-09,Eduardo,Pérez González,735509,Medias Largas
21329,2023-04-07,Mónica,Navarro Cordero,253184,Zapatos de lona
289542,2023-08-10,Julián,Cordero Acosta,393089,Short
122787,2023-07-19,Marisol,Delgado Valenzuela,427214,Zapatos deportivos
249505,2023-07-03,Lorenzo,Paredes Romero,730617,Calcetines de algodón
160029,2023-09-10,Isabel,Ruiz Espinosa,855190,Sombrero de verano
124633,2023-01-07,Selena,Araya Bravo,780754,Gorro de lana
146823,2023-08-10,Felipe,González Fernández,857318,Chándal
214320,2023-09-08,Elvira,Acosta Aguilar,858692,Pantalon
76987,2022-11-14,Gabriela,Delgado Valenzuela,617959,Camisa Basica
191719,2022-11-06,Cecilia,Pérez González,167862,Camisa Cuello V
230486,2022-11-02,Joaquín,Medina Ortega,280426,Sudadera con capucha
97052,2023-07-03,Ana,Torres Morales,887859,Blusa de seda
100853,2023-10-04,Linda,Jara Silva,435145,Cordones
233423,2023-08-10,Julián,Reyes Rivera,894887,Reloj Caballero
294825,2023-01-12,Ariel,Acosta Aguilar,540567,Chándal
1167,2023-08-10,Miriam,Castro Soto,775323,Buso
54065,2023-02-03,Gabriela,Rodríguez Sánchez,935180,Camiseta polo
73847,2023-08-13,Elisa,Vargas Molina,531736,Chaqueta Cuero Dama
21735,2023-02-05,Víctor,Medina Ortega,651456,Botas de montaña
79394,2023-09-27,Emilio,Ruiz Espinosa,533772,Mono corto
243592,2023-07-28,Ana,Castro Soto,902793,Mochila
79268,2023-01-12,Linda,Rodríguez Martínez,331489,Mochila
299283,2023-09-10,Elvira,Cordero Acosta,257325,Gorro de lana
200651,2023-01-06,Hernán,Sánchez López,454976,Bolso de mano
142316,2023-04-24,Lorenzo,Ruiz Espinosa,599686,Abrigo largo
249520,2023-07-05,Andres,Espinosa Herrera,895880,Pantalones vaqueros
293089,2023-01-092023-05-27,Walter,Herrera Navarro,839247,Gorro de lana
237107,2022-11-14,Juan,Medina Ortega,888542,Camisa Cuello V
195156,2023-07-03,Alex,Reyes Rivera,598511,Sombrero de verano
175255,2023-04-07,Walter,Torres Morales,214649,Pantalones cortos
32307,2023-08-10,Yolanda,Aguilar Delgado,230257,Vestido
265420,2023-02-23,Ariel,Jiménez Ruiz,779998,Calcetines de algodón
230907,2023-09-27,Gabriela,Ríos Rojas,983505,Zapatillas de casa
158233,2023-05-29,Juan,López Fernández,806377,Gorro de esquí
283008,2022-12-26,Sebastián,Ríos Rojas,278529,Falda plisada
190218,2023-04-09,Arturo,Aguilar Delgado,663555,Reloj Caballero
250353,2023-08-10,Elvira,Sánchez López,878281,Medias Largas
59147,2023-01-092023-05-27,Tomás,Rodríguez Sánchez,717990,Pañuelo de seda
83901,2023-01-12,Andres,Ruiz Espinosa,732408,Abrigo largo
252487,2023-08-10,Patricia,Medina Ortega,768069,Camisa Polo
32037,2023-02-05,Pablo,Delgado Valenzuela,549362,Shorts de playa
47920,2023-05-29,Joaquín,González Fernández,625973,Zapatos de vestir
287590,2023-07-17,Andres,Castro Soto,767807,Gorra
141056,2023-07-05,Mariano,Espinosa Herrera,694571,Pijama de algodón
118777,2023-08-19,Cecilia,Medina Ortega,576903,Cinturón de cuero
45342,2022-10-28,Raul,Paredes Jiménez,987448,Corbata de seda
92727,2023-04-07,Simón,Medina Ortega,962336,Pines (accesorios)
213877,2023-07-17,Eduardo,Campos Mendoza,999546,Leggings deportivos
197915,2022-11-06,Luisana,Jiménez Ruiz,860951,Mochila
27924,2023-04-24,Raul,Rodríguez Martínez,162631,Gafas de sol
256270,2023-02-23,Arturo,Paredes Romero,391221,Chaqueta Cuero Dama
101227,2023-03-07,Mauricio,Delgado Valenzuela,186522,Pines (accesorios)
5146,2023-09-27,Eduardo,Ríos Rojas,266759,Camisa a rayas
154337,2023-08-13,Irene,Castro Soto,878914,Gorra
248671,2023-02-23,Joaquín,Pérez González,915861,Sombrero de verano
108120,2023-03-01,Carla,González Fernández,263635,Pantalones cargo
52583,2023-02-05,Walter,Soto Romero,585218,Sombrero de verano
193419,2023-08-10,Lorenzo,Valenzuela Ríos,355511,Sudadera con capucha
79238,2023-01-28,Yolanda,Medina Ortega,304062,Chaqueta vaquera
53225,2023-04-20,Luisana,Cordero Acosta,892539,Reloj de pulsera
248516,2023-04-07,Regina,Ríos Rojas,161181,Abrigo largo
262862,2023-02-05,Aurora,López Fernández,934834,Jersey de lana
28054,2023-05-29,Elisa,Torres Morales,594575,Chaleco acolchado
214552,2023-07-05,Ariel,López Martínez,727157,Cinturón de cuero
166332,2023-02-06,Marisol,Medina Ortega,850143,Vestido
21682,2023-04-07,Natalie,Sánchez López,268296,Termo
288630,2023-07-17,Mauricio,Delgado Valenzuela,874899,Blusa
150352,2022-10-28,Walter,Araya Bravo,832154,Pantalones de yoga
253422,2022-12-31,Juan,Reyes Rivera,696853,Vestido de verano
262527,2023-03-07,Clara,Díaz Herrera,263896,Reloj de pulsera
247962,2023-07-28,Tomás,Ramirez Torres,992199,Zapatillas de casa
255653,2023-03-01,Elvira,Herrera Navarro,343601,Chaqueta de cuero
270494,2022-12-26,Lourdes,Rojas Vargas,328120,Sombrero de verano
210142,2023-01-12,Selena,Espinosa Herrera,450870,Zapatos deportivos
109640,2023-03-07,Sebastián,Soto Romero,751210,Camiseta básica
159520,2023-09-08,Carla,Herrera Navarro,682176,Mono corto
159747,2023-09-10,Luciana,Navarro Cordero,893955,Zapatos
86521,2022-11-29,Alex,Cordero Acosta,467786,Reloj Dama
289895,2023-10-12,Miriam,Paredes Romero,466695,Gorra
122733,2023-03-07,kelly,López Fernández,275451,Pantalones cargo
76663,2023-01-06,Pablo,Díaz Herrera,654589,Pijama de algodón
255302,2023-07-28,Julia,Sánchez López,567310,Gorro de esquí
68690,2023-04-07,Mariano,Espinosa Herrera,744755,Calcetines de algodón
274151,2023-01-12,Yolanda,Ríos Rojas,715298,Pantalones cortos
118378,2023-01-30,Carla,Medina Ortega,530368,Pantaloneta
51323,2023-08-10,Yolanda,Ramirez Torres,510396,Pantalones cargo
137077,2023-04-24,Mauricio,Medina Ortega,931549,Blusa de seda
140077,2023-07-28,Selena,Campos Mendoza,338824,Vestido de verano
80113,2023-08-10,Pablo,Valenzuela Ríos,636309,Chaqueta vaquera
146063,2023-05-18,Marisol,Castro Soto,268287,Termo
148786,2023-02-03,Eduardo,Navarro Cordero,373119,Cordones
198580,2023-10-22,Inés,Valenzuela Ríos,486476,Calcetines de algodón
1513,2023-08-10,Luciana,Ramirez Torres,959144,Correa
294766,2023-07-03,Esther,Delgado Valenzuela,443009,Gorra
159575,2023-03-01,Yolanda,Díaz Herrera,886950,Correa
63227,2023-04-09,Cecilia,Acosta Aguilar,184381,Camisa a rayas
246563,2022-12-31,Mauricio,Jiménez Ruiz,638677,Blusa
193280,2023-07-03,Tomás,Delgado Valenzuela,327266,Camisa a rayas
263228,2022-12-26,Elvira,Reyes Rivera,255264,Gafas de sol
283350,2023-03-07,Elvira,Delgado Valenzuela,778434,Sudadera ligera
173678,2023-08-10,Luisana,Rojas Vargas,771089,Medias Largas
51817,2023-10-22,Nicolás,Paredes Jiménez,414610,Pantalones cortos
78025,2022-10-28,Joaquín,Acosta Aguilar,247294,Chaqueta de invierno
154811,2023-04-25,Marisol,Pérez González,916681,Gorro de esquí
192941,2023-03-01,Eduardo,Acosta Aguilar,380332,Termo
279941,2023-01-07,Luisana,Ríos Rojas,734980,Corbata de seda
273765,2023-04-21,Hernán,Jara Silva,256624,Zapatos
201901,2023-05-08,Felipe,Jiménez Ruiz,785449,Anillo de diamantes
29800,2023-10-12,Miriam,Díaz Herrera,443443,Chándal
217161,2023-01-12,Marisol,Jiménez Ruiz,895642,Mochila
51539,2023-07-19,Joaquín,Acosta Aguilar,605955,Pijama de algodón
89048,2022-10-28,Elvira,Reyes Rivera,759750,Reloj de pulsera
270801,2023-04-09,Lorenzo,Espinosa Herrera,593108,Shorts de playa
52038,2023-02-05,Gabriela,Acosta Aguilar,151742,Gorro de lana
207442,2023-02-03,Raul,Rodríguez Sánchez,993329,Bono Regalo
170845,2023-01-092023-05-27,Carla,Ramirez Torres,818765,Zapatos deportivos
197877,2023-04-25,Gabriela,Espinosa Herrera,968157,Vestido
258964,2023-08-10,Esther,Vargas Molina,410919,Chaqueta de cuero
282059,2023-04-24,Eduardo,Torres Morales,369154,Vestido de verano
256255,2023-08-10,Ariel,Torres Morales,752309,Pantalones vaqueros
225736,2023-01-12,Patricia,Pérez González,532387,Pañuelo de seda
39517,2023-06-25,Walter,Díaz Herrera,189551,Shorts de playa
32146,2023-09-10,Mauricio,Acosta Aguilar,852331,Chaqueta de invierno
95080,2023-02-03,Mónica,González Fernández,581667,Zapatos de vestir
288612,2023-02-23,Eduardo,Pérez González,178691,Botas de montaña
234959,2023-01-07,Lorenzo,Navarro Cordero,865487,Medias Largas
85442,2023-04-09,Luisana,Jiménez Ruiz,947880,Sudadera con capucha
45573,2023-01-30,Veronica,Jara Silva,331169,Pines (accesorios)
107158,2023-07-03,Inés,Espinosa Herrera,244585,Medias Largas
232589,2023-03-07,Gabriela,Espinosa Herrera,448289,Chaqueta vaquera
22536,2023-04-17,Esther,Navarro Cordero,326166,Chaqueta Cuero Dama
115587,2022-12-31,Carla,Torres Morales,804935,Pantalones cortos
133008,2023-04-07,Julia,Rodríguez Martínez,530671,Gorra
158574,2023-08-10,Mariano,Espinosa Herrera,980472,Blusa de seda
224851,2023-07-03,Clara,Vargas Molina,368310,Bolso de mano
297457,2023-07-17,Raul,Rodríguez Sánchez,476982,Correa
48412,2023-03-07,Miriam,Cordero Acosta,529082,Zapatos de lona
203204,2023-07-03,Ana,Torres Morales,847721,Zapatos de tacón
61864,2022-11-02,Ariel,Rojas Vargas,972109,Vestido de noche
246458,2023-02-05,Julia,Castro Soto,383795,Pines (accesorios)
71108,2023-07-05,Eduardo,Ríos Rojas,795539,Mono corto
209713,2023-04-20,Irene,Díaz Herrera,572385,Falda plisada
135992,2023-07-19,Nicolás,Delgado Valenzuela,752739,Pantaloneta
10237,2023-07-17,Esther,Medina Ortega,803859,Vestido elegante
143689,2023-10-12,Alex,Rodríguez Martínez,768618,Camiseta polo
23736,2023-08-10,Linda,Jiménez Ruiz,683980,Reloj de pulsera
111660,2023-02-05,Veronica,Pérez González,576128,Bufanda de lana
106531,2023-08-10,Julia,Pérez González,573171,Pañuelo de seda
5872,2022-12-26,Luisana,Campos Mendoza,222390,Jersey de lana
251986,2023-02-05,Esther,Acosta Aguilar,440801,Sombrero de verano
213198,2022-12-31,Víctor,Díaz Herrera,615129,Bufanda de lana
8791,2023-03-04,Lorenzo,Torres Morales,960123,Calcetines de algodón
156994,2023-01-30,Ana,Rojas Vargas,292327,Blusa estampada
8728,2023-02-05,Pablo,Navarro Cordero,836888,Traje de baño
151202,2022-11-29,Raul,Ramirez Torres,694076,Buso
207396,2023-01-092023-05-27,Elisa,Reyes Rivera,352919,Reloj Caballero
132038,2022-12-31,Ernesto,Torres Morales,464623,Anillo de diamantes
11924,2023-04-20,Sebastián,Campos Mendoza,545333,Cinturón de cuero
27176,2023-10-12,Andres,Rojas Vargas,616642,Pijama de algodón
6206,2023-07-17,Gerardo,Araya Bravo,432725,Blusa estampada
261268,2023-04-07,Elvira,Herrera Navarro,438150,Sudadera
89666,2023-08-10,Tomás,Jiménez Ruiz,900456,Camiseta polo
128907,2023-04-24,Marisol,González Fernández,312699,Cartera
188263,2023-09-27,Elvira,Torres Morales,738740,Camiseta básica
202957,2022-12-31,Alex,Jiménez Ruiz,681293,Gorros de baño
39306,2023-09-10,Alex,Rojas Vargas,208769,Sombrero de verano
256979,2023-05-29,Ariel,Torres Morales,942453,Medias Tobilleras
85853,2023-03-07,Joaquín,Navarro Cordero,785926,Reloj de pulsera
123174,2023-04-07,Gerardo,Torres Morales,233265,Gorro de lana
258038,2022-11-14,Mauricio,Medina Ortega,481033,Zapatillas de casa
58649,2023-04-09,Miriam,Ríos Rojas,480342,Camisa Basica
131764,2023-08-10,Gabriela,Ruiz Espinosa,171389,Anillo de diamantes
217181,2023-09-10,Esther,Herrera Navarro,681923,Pines (accesorios)
83376,2023-04-17,Alex,Sánchez López,751062,Buso
85210,2023-01-12,Isabel,Vargas Molina,684385,Abrigo largo
275645,2023-09-27,Luisana,Jara Silva,883829,Gafas de sol
254396,2023-09-27,Carla,Medina Ortega,620722,Zapatos
269977,2023-05-29,Miriam,Rodríguez Martínez,539681,Reloj Caballero
93614,2023-07-19,Veronica,Espinosa Herrera,714333,Reloj de pulsera
31931,2023-04-09,Marisol,Ramirez Torres,704231,Corbata de seda
168247,2022-11-06,Marisol,López Fernández,154377,Bono Regalo
18944,2023-01-12,Eduardo,Herrera Navarro,548851,Chaqueta vaquera
124158,2023-01-06,Simón,Torres Morales,367747,Chaqueta vaquera
4254,2023-09-08,Miriam,Reyes Rivera,186995,Camisa Basica
33100,2022-12-31,Gabriela,Reyes Rivera,704474,Bolso de mano
45760,2023-07-28,Inés,Sánchez López,596256,Zapatos
135494,2023-05-29,Elvira,Paredes Jiménez,894270,Sudadera con capucha
93137,2023-07-17,Linda,Ramirez Torres,293587,Calcetines de algodón
152820,2022-12-31,Felipe,Ríos Rojas,163352,Gorros de baño
169886,2022-10-28,Elvira,Rojas Vargas,856137,Bolso de mano
296744,2023-04-20,Hernán,Delgado Valenzuela,977858,Pantalones cortos
171866,2023-04-07,Natalie,González Fernández,553170,Sombrero de verano
21003,2023-09-10,Sebastián,Ríos Rojas,481163,Zapatos deportivos
94523,2023-04-25,Gerardo,Torres Morales,625917,Bufanda de lana
223200,2023-07-03,Julia,Delgado Valenzuela,702471,Camisa a rayas
110275,2023-04-07,Luisana,Ruiz Espinosa,229149,Reloj Dama
131121,2023-03-01,Julia,Ríos Rojas,649186,Chaqueta vaquera
54018,2023-03-04,Ana,Herrera Navarro,782108,Sudadera
240646,2023-08-10,Sebastián,Rodríguez Martínez,934041,Leggings deportivos
156204,2023-01-06,Irene,Navarro Cordero,426556,Traje de baño
110472,2023-04-07,Hernán,Díaz Herrera,621229,Pantaloneta
281764,2023-04-07,Cecilia,Ruiz Espinosa,501159,Sombrero de verano
146870,2022-11-14,Mónica,Espinosa Herrera,607530,Zapatillas de casa
76647,2023-07-03,Lourdes,Cordero Acosta,251402,Chaqueta de cuero
81208,2023-09-08,Natalie,Espinosa Herrera,246294,Vestido de verano
99001,2023-01-06,Carla,Acosta Aguilar,675331,Jersey de lana
241442,2023-07-03,Alex,Castro Soto,549297,Gafas de sol
130286,2023-01-06,Ernesto,Soto Romero,996829,Sudadera con capucha
125919,2023-09-27,Aurora,Espinosa Herrera,230405,Traje de baño
186086,2023-01-28,Ariel,Sánchez López,571285,Bolso de mano
162699,2023-03-01,Miriam,Rodríguez Sánchez,949972,Buso
123712,2022-11-02,Pablo,Torres Morales,659992,Pijama de algodón
157759,2023-06-25,Felipe,Cordero Acosta,537248,Zapatillas de casa
171881,2023-01-30,Andres,Reyes Rivera,262797,Zapatos de tacón
113316,2023-05-29,Aurora,Jara Silva,858070,Chaqueta de invierno
268019,2023-02-06,Cecilia,Paredes Jiménez,198266,Camisa Cuello V
141874,2023-03-04,Rogelio,Rodríguez Martínez,588003,Zapatos de lona
105581,2023-09-27,Pablo,Jara Silva,895634,Gorro de esquí
28280,2023-04-25,Mauricio,Reyes Rivera,593929,Bono Regalo
124529,2023-02-06,Hernán,Jiménez Ruiz,747468,Buso
277016,2022-12-31,Cecilia,Torres Morales,665072,Camiseta básica
30562,2023-04-21,Esther,Acosta Aguilar,944594,Blusa estampada
246109,2023-05-08,Inés,Jiménez Ruiz,488100,Reloj Dama
57749,2022-11-06,Miriam,Sánchez López,815185,Chaqueta vaquera
256037,2023-07-19,Linda,Araya Bravo,612377,Blusa de seda
249801,2023-04-07,Víctor,Herrera Navarro,519183,Camiseta básica
120150,2023-07-28,Tomás,Torres Morales,473806,Vestido de verano
142750,2023-01-30,Emilio,Ramirez Torres,551370,Zapatos de vestir
173511,2023-03-07,Simón,Espinosa Herrera,221649,Correa
256410,2023-09-27,Yolanda,Delgado Valenzuela,633290,Camisa Cuello V
9331,2022-11-29,Hernán,Pérez González,300571,Chaqueta Cuero Dama
154152,2023-05-08,Carla,Rodríguez Martínez,232454,Chaqueta Cuero Caballero
86482,2022-11-06,Cecilia,Ríos Rojas,288356,Reloj Caballero
163900,2023-07-17,Gabriela,Cordero Acosta,659268,Pantaloneta
